Información de variable - 2024;;;;;;;;
;;;;;;;;
;Variable;Posición;Etiqueta;Nivel de medición;Rol;Ancho de columna;Alineación;Formato de grabación
;NoForm;1;Formulario;Escala;Entrada;12;Derecha;F4
;Hogar;2;Hogar;Nominal;Entrada;12;Derecha;F1
;persona;3;Persona;Nominal;Entrada;12;Derecha;F2
;A.1;4;A.1 : NÚMERO DE FORMULARIO;Escala;Entrada;12;Derecha;F4
;A.3;5;A.3 : REEMPLAZO;Nominal;Entrada;12;Derecha;F1
;A.4;6;A.4 : CAUSA DEL REEMPLAZO;Escala;Entrada;12;Derecha;F3
;A.5;7;A.5 : FECHA DE VISITA;Nominal;Entrada;19;Izquierda;A19
;A.6;8;A.6 : ZONA;Nominal;Entrada;12;Derecha;F1
;A.7;9;A.7 : COMUNA O CORREGIMIENTO;Nominal;Entrada;12;Derecha;F2
;A.10;10;A.10 : Estrato de la Vivienda;Nominal;Entrada;12;Derecha;F1
;A.12;11;A.12 : ¿Cuántos grupos de personas (hogares) incluyendo éste, cocinan por separado en esta vivienda?;Nominal;Entrada;12;Derecha;F1
;A.13;12;A.13 : Identificación del hogar;Nominal;Entrada;12;Derecha;F1
;A.14;13;A.14 : Incluyéndose Usted, ¿Cuántas personas componen este hogar? (Incluya parientes y no parientes, empleados domésticos, etc. que habitualmente viven con usted.);Nominal;Entrada;12;Derecha;F2
;B.1;14;B.1 : Orden (identifique el jefe del hogar y regístrelo siempre en el número de orden 01);Nominal;Entrada;12;Derecha;F2
;B.2;15;B.2 : Sexo al nacer de cada miembro;Nominal;Entrada;12;Derecha;F1
;B.3;16;B.3 : ¿Usted se reconoce como? (para miembros del hogar de 18 años o más);Escala;Entrada;12;Derecha;F3
;B.4;17;B.4 : ¿Usted siente atracción sexual o romántica por? (para miembros del hogar de 18 años o más);Escala;Entrada;12;Derecha;F3
;B.5;18;B.5 : Parentesco con el jefe de este hogar;Nominal;Entrada;12;Derecha;F2
;B.6;19;B.6 : Edad - para menores de un año escriba cero (0);Escala;Entrada;12;Derecha;F3
;B.7;20;B.7 : Estado civil actual (Para personas de 12 años o menos, reemplazar por 1. Soltero(a));Nominal;Entrada;12;Derecha;F1
;B.8;21;B.8 : De acuerdo con su cultura, pueblo o rasgos físicos es o se reconoce como:;Escala;Entrada;12;Derecha;F3
;C.1;22;C.1 : ¿Ha vivido toda su vida en ESTE Distrito (Municipio)?;Escala;Entrada;12;Derecha;F3
;C.2;23;C.2 : ¿Cuánto tiempo hace que vive en ESTE Distrito (Municipio) desde la última vez? - Se debe calcular, finalmente, en meses;Escala;Entrada;12;Derecha;F3
;C.3;24;C.3 : ¿Por qué causa, PRINCIPALMENTE, se vino a vivir a ESTE Distrito (Municipio)?;Escala;Entrada;12;Derecha;F3
;C.4;25;C.4 : Seleccione el tipo de causa de orden público por la cual se vino del lugar en donde residía antes a vivir a este Distrito (Municipio);Escala;Entrada;12;Derecha;F3
;C.5;26;C.5 : ¿En qué Distrito o municipio, departamento o país vivía inmediatamente antes de trasladarse a vivir en ESTE Distrito (Municipio)? País;Escala;Entrada;12;Derecha;F4
;C.6;27;C.6 : ¿En qué Distrito o municipio, departamento o país vivía inmediatamente antes de trasladarse a vivir en ESTE Distrito (Municipio)? Departamento;Escala;Entrada;12;Derecha;F3
;C.7;28;C.7 : ¿En qué Distrito o municipio, departamento o país vivía inmediatamente antes de trasladarse a vivir en ESTE Distrito (Municipio)? Distrito;Escala;Entrada;12;Derecha;F5
;C.8;29;C.8 : Usted siempre ha vivido en este barrio/vereda?;Nominal;Entrada;12;Derecha;F1
;C.9;30;C.9 : ¿Cuánto hace que vive en este BARRIO o VEREDA? En años;Escala;Entrada;12;Derecha;F3
;C.10;31;C.10 : ¿En qué comuna/corregimiento vivía antes?;Escala;Entrada;12;Derecha;F3
;C.11;32;C.11 : ¿En qué barrio/vereda vivía antes en Medellín?;Escala;Entrada;12;Derecha;F4
;D.1;33;D.1 : ¿Usted participa en alguna de las siguientes organizaciones o instancias de participación? Las dos en las cuales más participa 1 (Solo para personas de 14 años o más);Escala;Entrada;12;Derecha;F3
;D.2;34;D.2 : ¿Usted participa en alguna de las siguientes organizaciones o instancias de participación? Las dos en las cuales más participa 2 (Solo para personas de 14 años o más);Escala;Entrada;12;Derecha;F3
;D.3;35;D.3 : En los últimos 12 meses, ¿ha participado sea presencial o a través de redes sociales en actividades de partidos políticos, en una manifestación, en peticiones escritas a políticos o a medios de comunicación, etc.?;Escala;Entrada;12;Derecha;F3
;E.1;36;E.1 : ¿Sabe leer y escribir más de un párrafo?;Nominal;Entrada;12;Derecha;F1
;E.2;37;E.2 : ¿Actualmente estudia? (asiste a salacuna, guardería, preescolar, escuela, colegio, técnico, tecnológico o universidad);Nominal;Entrada;12;Derecha;F1
;E.3;38;E.3 : ¿Cuál es la causa principal por la cual no siguió estudiando ESTE AÑO? (Responde y pase a E.6);Escala;Entrada;12;Derecha;F3
;E.4;39;E.4 : ¿Qué medio de transporte utiliza predominantemente para dirigirse a su centro educativo?;Escala;Entrada;12;Derecha;F3
;E.5;40;E.5 : ¿Cuánto tiempo tarda en llegar a su centro educativo?;Escala;Entrada;12;Derecha;F3
;E.6;41;E.6 : Último NIVEL de estudio aprobado (título);Escala;Entrada;12;Derecha;F3
;E.7;42;E.7 : ¿Grado o año en curso que estaba estudiando cuando se retiró, que está estudiando actualmente  o que estudió? - nivel cursando Debe ser igual o un nivel más alto del afirmado en H.6;Escala;Entrada;12;Derecha;F3
;E.8;43;E.8 : ¿Grado o año en curso que estaba estudiando cuando se retiró, que está estudiando actualmente  o que estudió? - curso o grado cursado;Escala;Entrada;12;Derecha;F3
;E.9;44;E.9 : Para miembros del hogar de 25 a 64 años -  ¿Ha recibido formación durante las últimas 4 semanas? Formación formal o no formal.;Escala;Entrada;12;Derecha;F3
;F.1;45;F.1 : ¿Qué tipo de afiliación al sistema de seguridad social en salud tienen los miembros de su familia?;Nominal;Entrada;12;Derecha;F1
;F.2;46;F.2 : Tiene afiliación al sistema de pensiones, como cotizante? (Solo para personas de 15 años o más);Escala;Entrada;12;Derecha;F3
;F.3;47;F.3 : ¿Durante al menos los últimos  seis meses, En qué medida se ha visto limitado debido a un problema de salud para realizar las actividades que la gente habitualmente hace?;Escala;Entrada;12;Derecha;F3
;F.4;48;F.4 : ¿Con qué frecuencia consume fruta? Excluir jugos;Escala;Entrada;12;Derecha;F3
;F.5;49;F.5 : ¿Con qué frecuencia consume verduras, ensalada o legumbres? Excluya papas y jugos;Escala;Entrada;12;Derecha;F3
;F.6;50;F.6 : En los últimos 12 meses, ¿fumó tabaco, como cigarrillos, puros o pipas, o empleó cigarrillos electrónicos?;Escala;Entrada;12;Derecha;F3
;F.7;51;F.7 : ¿Tiene dificultad para ver, incluso utilizando sus lentes?;Escala;Entrada;12;Derecha;F3
;F.8;52;F.8 : ¿Tiene alguna enfermedad o problema de salud crónicos? (Enfermedades o problemas de salud  de larga duración);Escala;Entrada;12;Derecha;F3
;F.9;53;F.9 : ¿Podría decirme cuanto pesa aproximadamente sin zapatos y sin ropa? (Kilogramos);Escala;Entrada;12;Derecha;F3
;F.10;54;F.10 : ¿Podría decirme cuanto mide aproximadamente sin zapatos? (Centimetros);Escala;Entrada;12;Derecha;F3
;F.11;55;F.11 : En una semana normal, ¿con qué frecuencia practica deporte, gimnasia, ciclismo, caminar deprisa, etc.  Al menos 10 minutos seguidos?;Nominal;Entrada;12;Derecha;F1
;G.1;56;G.1 : ¿Las personas de este hogar están inscritas en PROGRAMAS LÚDICOS?;Nominal;Entrada;12;Derecha;F1
;G.2;57;G.2 : ¿Las personas de este hogar están inscritas en PROGRAMAS RECREATIVOS?;Nominal;Entrada;12;Derecha;F1
;G.3;58;G.3 : ¿Las personas de este hogar están inscritas en PROGRAMAS DEPORTIVOS?;Nominal;Entrada;12;Derecha;F1
;G.4;59;G.4 : En los últimos 12 meses ¿Cuántas veces ha ido  a ver espectáculos como obras de teatro, conciertos, ópera, espectáculos de ballet y danza?;Escala;Entrada;12;Derecha;F3
;G.5;60;G.5 : ¿Por qué no ha ido a ver dichos espectáculos?;Escala;Entrada;12;Derecha;F3
;G.6;61;G.6 : En los últimos 12 meses ¿Cuántas veces ha visitado lugares de interés como monumentos históricos, museos, galerías de arte, yacimientos arqueológicos?;Escala;Entrada;12;Derecha;F3
;G.7;62;G.7 : ¿Por qué no ha ido a ver dichos lugares?;Escala;Entrada;12;Derecha;F3
;G.8;63;G.8 : En los últimos 12 meses ¿Cuántas veces ha ido al cine?;Escala;Entrada;12;Derecha;F3
;G.9;64;G.9 : ¿Por qué no ha ido al cine?;Escala;Entrada;12;Derecha;F3
;G.10;65;G.10 : En los últimos 12 meses ¿Cuántas veces ha presenciado en directo acontecimientos deportivos?;Escala;Entrada;12;Derecha;F3
;G.11;66;G.11 : ¿Por qué no ha presenciado dichos acontecimientos?;Escala;Entrada;12;Derecha;F3
;H.1;67;H.1 : ¿En qué situación de actividad laboral se encontraba en el año inmediatamente anterior (año 2023)?;Escala;Entrada;12;Derecha;F3
;H.2A;68;H.2A : Durante el 2023, recibió ingresos procedentes del trabajo como empleado (por cuenta ajena)?;Escala;Entrada;12;Derecha;F3
;H.2B;69;H.2B : ¿Cuánto recibió por estos ingresos (empleado)? (Solo para los que respondieron 1 en H.2A);Escala;Entrada;12;Derecha;F9
;H.3A;70;H.3A : Durante el 2023, recibió ingresos procedentes del trabajo por cuenta propia, como empresario o trabajador independiente?;Escala;Entrada;12;Derecha;F3
;H.3B;71;H.3B : ¿Cuánto recibió por estos ingresos (cuenta propia)?;Escala;Entrada;12;Derecha;F9
;H.4;72;H.4 : Si no sabe el valor de sus ingresos ¿podría decirme cuál es la periodicidad de sus ingresos (año 2023)?;Escala;Entrada;12;Derecha;F3
;H.5;73;H.5 : ¿Cuántas veces los recibió, el año inmediatamente anterior (año 2023)? (Si responde 8 en H.4, reemplazar por 1);Escala;Entrada;12;Derecha;F3
;H.6;74;H.6 : De acuerdo a esa periodicidad ¿cuál fue el valor por el que lo contrataron en sus trabajos como empleado en el año 2023?;Escala;Entrada;12;Derecha;F7
;H.7;75;H.7 : De acuerdo a esa periodicidad ¿podría decirme, aproximadamente, cuáles fueron los ingresos netos (promedio) de sus trabajos como empleado en el año 2023? (Si suministra la información anual dividirlo por 12);Escala;Entrada;12;Derecha;F17.10
;H.8;76;H.8 : ¿Cuánto recibió durante 2023 como pagos extraordinarios: por horas extras;Escala;Entrada;12;Derecha;F3
;H.9;77;H.9 : ¿Cuánto recibió durante 2023 como pagos extraordinarios: Por Comisiones?;Escala;Entrada;12;Derecha;F7
;H.10;78;H.10 : ¿Cuánto recibió durante 2023 como pagos extraordinarios: Por Propinas?;Escala;Entrada;12;Derecha;F3
;H.11;79;H.11 : ¿Cuánto recibió durante 2023 como pagos extraordinarios: Por Pagos para vacaciones?;Escala;Entrada;12;Derecha;F3
;H.12;80;H.12 : ¿Cuánto recibió durante 2023 como pagos extraordinarios: Por Primas extraordinarias?;Escala;Entrada;12;Derecha;F7
;H.13;81;H.13 : ¿Cuánto recibió durante el 2023 como pago extra, por trabajar por fuera de su lugar de residencia?;Escala;Entrada;12;Derecha;F7
;H.14;82;H.14 : ¿Cuánto recibió durante el 2023 como pagos extraordinarios:  Por participación en beneficios de la empresa?;Escala;Entrada;12;Derecha;F3
;H.15;83;H.15 : ¿Cuánto recibió durante 2023 como pagos extraordinarios: Por Otros pagos?;Escala;Entrada;12;Derecha;F3
;H.16;84;H.16 : ¿Están estos pagos extra, incluidos en los ingresos mencionados anteriormente?;Escala;Entrada;12;Derecha;F3
;H.17;85;H.17 : ¿Algún miembro de su hogar trabajó en el mismo negocio o actividad que usted?;Escala;Entrada;12;Derecha;F3
;H.18;86;H.18 : ¿Cuáles fueron sus ingresos en el año inmediatamente anterior (2023)?;Escala;Entrada;12;Derecha;F8
;H.19;87;H.19 : ¿Cuánto recibió el año inmediatamente anterior (año 2023) por subsidio de desempleo, medidas COVID-19, fomento al empleo o formación profesional?;Escala;Entrada;12;Derecha;F8
;H.20;88;H.20 : ¿Cuánto recibió el año inmediatamente anterior (año 2023) por concepto de jubilaciones o pensiones? (Responder si en H.1 respondió opción 7);Escala;Entrada;12;Derecha;F9
;H.21;89;H.21 : ¿Cuánto recibió el año inmediatamente anterior (año 2023) por concepto de pensiones de sobrevivientes?;Escala;Entrada;12;Derecha;F9
;H.22;90;H.22 : ¿Cuánto recibió el año inmediatamente anterior (año 2023) por concepto de licencia de maternidad?;Escala;Entrada;12;Derecha;F8
;H.23;91;H.23 : ¿Cuánto recibió el año inmediatamente anterior (año 2023) por concepto de cuidado de niños, personas mayores, etc.?;Escala;Entrada;12;Derecha;F8
;H.24;92;H.24 : ¿Cuánto recibió el año inmediatamente anterior (año 2023) por concepto de incapacidades por enfermedad?;Escala;Entrada;12;Derecha;F8
;H.25;93;H.25 : ¿Cuánto recibió el año inmediatamente anterior (año 2023) por concepto de pensión de invalidez? (Responder si en H.1 respondió opción 7 o 8);Escala;Entrada;12;Derecha;F9
;H.26;94;H.26 : ¿Cuánto recibió el año inmediatamente anterior (año 2023) por concepto de ayudas, subsidios o becas escolares?;Escala;Entrada;12;Derecha;F8
;H.27;95;H.27 : ¿Cuánto recibió el año inmediatamente anterior (año 2023) por concepto de ayudas de asistencia social (mínimo vital, renta básica, Colombia mayor, etc.?;Escala;Entrada;12;Derecha;F8
;H.28;96;H.28 : ¿Cuánto recibió el año inmediatamente anterior (año 2023) por concepto de otras prestaciones o ayudas?;Escala;Entrada;12;Derecha;F8
;H.29;97;H.29 : PARA TODOS LOS MIEMBROS DEL HOGAR QUE TRABAJAN  Cuál fue el valor total de las cotizaciones a la seguridad social en el año inmediatamente anterior 2023?;Escala;Entrada;12;Derecha;F8
;H.30;98;H.30 : PARA TODOS LOS MIEMBROS DEL HOGAR QUE TRABAJAN ¿Cuál fue el valor pagado por retenciones en la fuente en el año 2023?;Escala;Entrada;12;Derecha;F9
;H.31;99;H.31 : ¿En qué situación de actividad laboral se encuentra actualmente?;Escala;Entrada;12;Derecha;F3
;H.32;100;H.32 : ¿A qué actividad específica se dedica principalmente la empresa o negocio en la que realiza su trabajo?;Escala;Entrada;12;Derecha;F3
;H.33;101;H.33 : Cuantas horas semanales dedica habitualmente a este trabajo, incluyendo horas extras (Acepte máximo 96 horas);Escala;Entrada;12;Derecha;F3
;H.34;102;H.34 : Cuantos meses (numero) lleva trabajando en esa empresa o de forma independiente?;Escala;Entrada;12;Derecha;F3
;H.35;103;H.35 : ¿Su ingreso mensual actual, es menor, que un salario mínimo?;Escala;Entrada;12;Derecha;F3
;H.36;104;H.36 : ¿Qué medio de transporte utiliza predominantemente para dirigirse a su lugar de trabajo?;Escala;Entrada;12;Derecha;F3
;H.37;105;H.37 : ¿Cuánto tiempo tarda en promedio el desplazamiento a su lugar de trabajo? MINUTOS;Escala;Entrada;12;Derecha;F3
;H.38;106;H.38 : ¿Qué duración tiene su contrato en este trabajo principal?;Escala;Entrada;12;Derecha;F3
;H.39;107;H.39 : ¿Su trabajo es de tiempo parcial, debido a que no pudo conseguir trabajo de tiempo completo?;Escala;Entrada;12;Derecha;F3
;H.40;108;H.40 : ¿Pagan prestaciones sociales en su trabajo?;Escala;Entrada;12;Derecha;F3
;H.41;109;H.41 : ¿Cuál es su grado de satisfacción global con su trabajo actual? (utilice una escala de 0 a 10, en la que 0 significa nada satisfecho y 10 plenamente satisfecho);Escala;Entrada;12;Derecha;F3
;H.42;110;H.42 : Cuántos meses lleva desempleado?;Escala;Entrada;12;Derecha;F3
;H.43;111;H.43 : ¿Está buscando empleo?;Escala;Entrada;12;Derecha;F3
;H.44;112;H.44 : Cuántas horas semanales dedica a trabajo doméstico no remunerado? Entendiéndose cocinar, limpiar, hacer compras, cuidar a personas que lo requieran (niños, adolescentes, adultos mayores, personas enfermas o con discapacidad);Escala;Entrada;12;Derecha;F3
;I.1;113;I.1 : Tipo de vivienda;Nominal;Entrada;12;Derecha;F1
;I.2;114;I.2 : ¿Cuál es el Material predominante de las paredes exteriores?;Nominal;Entrada;12;Derecha;F2
;I.3;115;I.3 : ¿Cuál es el Material predominante de los techos?;Nominal;Entrada;12;Derecha;F1
;I.4;116;I.4 : ¿Cuál es el Material predominante de los pisos?;Nominal;Entrada;12;Derecha;F1
;I.5;117;I.5 : El agua para preparar los alimentos, la obtienen principalmente de:;Nominal;Entrada;12;Derecha;F2
;I.6;118;I.6 : Cuantos cuartos tiene esta vivienda - Cocina;Nominal;Entrada;12;Derecha;F1
;I.7;119;I.7 : Cuantos cuartos tiene esta vivienda -  Exclusivos para dormir;Nominal;Entrada;12;Derecha;F1
;I.8;120;I.8 : Cuantos cuartos tiene esta vivienda - Para dormir y otros usos;Nominal;Entrada;12;Derecha;F2
;I.9;121;I.9 : Cuantos cuartos tiene esta vivienda Total;Nominal;Entrada;12;Derecha;F2
;I.10;122;I.10 : La unidad de vivienda cuenta con servicios públicos de Energía;Nominal;Entrada;12;Derecha;F1
;I.11;123;I.11 : ¿Como califica su calidad (Energía)?;Escala;Entrada;12;Derecha;F3
;I.12;124;I.12 : Lo tiene suspendido por falta de ingresos (No pago entre 2 a 9 cuentas);Escala;Entrada;12;Derecha;F3
;I.13;125;I.13 : Lo tiene Desconectado por falta de ingresos (No pago de más de 9 cuentas);Escala;Entrada;12;Derecha;F3
;I.14;126;I.14 : La unidad de vivienda cuenta con servicios públicos de Acueducto;Nominal;Entrada;12;Derecha;F1
;I.15;127;I.15 : ¿Como califica su calidad (Acueducto)?;Escala;Entrada;12;Derecha;F3
;I.16;128;I.16 : Lo tiene suspendido por falta de ingresos (No pago entre 2 a 9 cuentas);Escala;Entrada;12;Derecha;F3
;I.17;129;I.17 : La unidad de vivienda cuenta con servicios públicos de Alcantarillado;Nominal;Entrada;12;Derecha;F1
;I.18;130;I.18 : ¿Como califica su calidad (Alcantarillado)?;Escala;Entrada;12;Derecha;F3
;I.19;131;I.19 : La unidad de vivienda cuenta con servicios públicos de Teléfono (línea fija);Nominal;Entrada;12;Derecha;F1
;I.20;132;I.20 : ¿Como califica su calidad (línea fija)?;Escala;Entrada;12;Derecha;F3
;I.21;133;I.21 : Lo tiene suspendido por falta de ingresos (No pago entre 2 a 9 cuentas);Escala;Entrada;12;Derecha;F3
;I.22;134;I.22 : Lo tiene Desconectado por falta de ingresos (No pago de más de 9 cuentas);Escala;Entrada;12;Derecha;F3
;I.23;135;I.23 : La unidad de vivienda cuenta con servicios públicos de Gas natural (red);Nominal;Entrada;12;Derecha;F1
;I.24;136;I.24 : ¿Como califica su calidad (Gas natural (red))?;Escala;Entrada;12;Derecha;F3
;I.25;137;I.25 : Lo tiene suspendido por falta de ingresos (No pago entre 2 a 9 cuentas);Escala;Entrada;12;Derecha;F3
;I.26;138;I.26 : La unidad de vivienda cuenta con servicios públicos de Aseo (recolección);Nominal;Entrada;12;Derecha;F1
;I.27;139;I.27 : ¿Como califica su calidad (recolección)?;Escala;Entrada;12;Derecha;F3
;I.28;140;I.28 : La unidad de vivienda cuenta con servicios públicos de Gas en pipeta;Nominal;Entrada;12;Derecha;F1
;I.29;141;I.29 : ¿Como califica su calidad (Gas en pipeta)?;Escala;Entrada;12;Derecha;F3
;I.30;142;I.30 : La unidad de vivienda cuenta con servicios públicos de Conexión a internet;Nominal;Entrada;12;Derecha;F1
;I.31;143;I.31 : ¿Como califica su calidad (Conexión a internet)?;Escala;Entrada;12;Derecha;F3
;I.32;144;I.32 : Lo tiene suspendido por falta de ingresos (No pago entre 2 a 9 cuentas);Escala;Entrada;12;Derecha;F3
;I.33;145;I.33 : Lo tiene Desconectado por falta de ingresos (No pago de más de 9 cuentas);Escala;Entrada;12;Derecha;F3
;I.34;146;I.34 : No posee internet por falta de dinero? (Solo para quien respondió 2. No en I.30);Escala;Entrada;12;Derecha;F3
;I.35;147;I.35 : ¿Cuál es su grado de satisfacción global con su vivienda? (utilice una escala de 0 a 10, en la que 0 significa nada satisfecho y 10 plenamente satisfecho).;Nominal;Entrada;12;Derecha;F2
;J.1;148;J.1 : ¿Con qué tipo de servicio sanitario cuenta el hogar? (Si en I.17 responde 2, admita como respuesta de 1 a 5);Nominal;Entrada;12;Derecha;F1
;J.2;149;J.2 : Número de sanitarios de uso exclusivo del hogar (Si en J.1 responde 1. No tiene, responda cero(0));Nominal;Entrada;12;Derecha;F2
;J.3;150;J.3 : Número de servicios sanitarios compartidos con personas de otro hogar;Nominal;Entrada;12;Derecha;F2
;J.4;151;J.4 : Incluyendo sala-comedor ¿De cuántos cuartos en total dispone este HOGAR para uso exclusivo? (Excluya cocinas, baños, garajes y cuartos dedicados a negocio);Nominal;Entrada;12;Derecha;F2
;J.5;152;J.5 : ¿En cuántos, de los cuartos que son exclusivos para dormir, duermen las personas de este hogar?;Nominal;Entrada;12;Derecha;F1
;J.6;153;J.6 : Nevera o enfriador;Nominal;Entrada;12;Derecha;F1
;J.7;154;J.7 : Lavadora de ropa;Nominal;Entrada;12;Derecha;F1
;J.8;155;J.8 : TV a blanco y negro;Nominal;Entrada;12;Derecha;F1
;J.9;156;J.9 : TV a color;Nominal;Entrada;12;Derecha;F2
;J.10;157;J.10 : Calentador de agua o ducha eléctrica;Nominal;Entrada;12;Derecha;F1
;J.11;158;J.11 : Calentador de agua a gas;Nominal;Entrada;12;Derecha;F1
;J.12;159;J.12 : Estufa eléctrica;Nominal;Entrada;12;Derecha;F2
;J.13;160;J.13 : Estufa a gas;Nominal;Entrada;12;Derecha;F2
;J.14;161;J.14 : Estufa mixta;Nominal;Entrada;12;Derecha;F2
;J.15;162;J.15 : Parrilla a gas;Nominal;Entrada;12;Derecha;F2
;J.16;163;J.16 : Parrilla eléctrica;Nominal;Entrada;12;Derecha;F1
;J.17;164;J.17 : Horno microondas;Nominal;Entrada;12;Derecha;F2
;J.18;165;J.18 : Horno eléctrico;Nominal;Entrada;12;Derecha;F2
;J.19;166;J.19 : Horno a gas;Nominal;Entrada;12;Derecha;F2
;J.20;167;J.20 : Equipo de sonido;Nominal;Entrada;12;Derecha;F2
;J.21;168;J.21 : DVD;Nominal;Entrada;12;Derecha;F1
;J.22;169;J.22 : Computador de escritorio o portátil para uso del hogar, tableta;Nominal;Entrada;12;Derecha;F2
;J.23;170;J.23 : Servicio de TV por suscripción-TV por cable satelital;Nominal;Entrada;12;Derecha;F2
;J.24;171;J.24 : Celular;Nominal;Entrada;12;Derecha;F2
;J.25;172;J.25 : Aspiradora y/o Brilladora;Nominal;Entrada;12;Derecha;F1
;J.26;173;J.26 : Aire acondicionado;Nominal;Entrada;12;Derecha;F1
;J.27;174;J.27 : Consolas de video juegos o de juegos electrónicos;Nominal;Entrada;12;Derecha;F2
;J.28;175;J.28 : ¿Cuántos vehículos particulares, en funcionamiento, tiene este hogar? (no incluye vehículo de servicio público o utilizado para generar ingresos);Nominal;Entrada;12;Derecha;F2
;J.29;176;J.29 : ¿Cuántas motos o motonetas particulares, en funcionamiento, tiene este hogar? (no incluye vehículo de servicio público o utilizado para generar ingresos);Nominal;Entrada;12;Derecha;F2
;J.30;177;J.30 : ¿Cuántas bicicletas particulares, en funcionamiento, tiene este hogar? (no incluye vehículo de servicio público o utilizado para generar ingresos);Nominal;Entrada;12;Derecha;F2
;J.31;178;J.31 : ¿Cuántos autos son de modelos de 1 año o menos?;Escala;Entrada;12;Derecha;F3
;J.32;179;J.32 : ¿Cuántos autos son de modelos entre 2 y 5  años?;Escala;Entrada;12;Derecha;F3
;J.33;180;J.33 : ¿Cuántos autos corresponden a 6 o más años?;Escala;Entrada;12;Derecha;F3
;J.34;181;J.34 : ¿En dónde preparan los alimentos las personas de este hogar? (Si I.6 es igual a cero (0), habilitar solo las opciones 2 a 6) (Si I.8 es igual a cero (0), habilitar solo las opciones 1 y de 3 a 6);Nominal;Entrada;12;Derecha;F1
;J.35;182;J.35 : ¿Qué energía o combustible utilizan principalmente para cocinar? (Si I.23 es igual a 2. No, habilitar solo las opciones 1 y 3 a 7) (Si I.28 es igual a 2. No, habilitar solo las opciones 1 a 3 y 5 a 7);Escala;Entrada;12;Derecha;F3
;J.36;183;J.36 : La vivienda ocupada por este hogar es: (Si responde las opciones 3 a 6 pase a J.39);Nominal;Entrada;12;Derecha;F1
;J.37;184;J.37 : Pago (Alquiler) (No admita valor igual a 0);Escala;Entrada;12;Derecha;F9
;J.38;185;J.38 : Cuota (No admita valor igual a 0);Escala;Entrada;12;Derecha;F8
;J.39;186;J.39 : ¿Cuánto considera que sería el arriendo mensual de esta vivienda? (No admita valor igual a 0);Escala;Entrada;12;Derecha;F9
;J.40;187;J.40 : Valor servicios públicos (Pregunta si en J.36 responde opción 1);Escala;Entrada;12;Derecha;F7
;J.41;188;J.41 : Seguros de la vivienda (Pregunta si en J.36 responde opción 1);Escala;Entrada;12;Derecha;F6
;J.42;189;J.42 : Valor administración (Pregunta si en J.36 responde opción 1);Escala;Entrada;12;Derecha;F7
;J.43;190;J.43 : Reparaciones y mantenimiento regular de la vivienda (Se pregunta por el valor anual) (Pregunta si en J.36 responde opción 1);Escala;Entrada;12;Derecha;F8
;J.44;191;J.44 : Valor servicios públicos (Pregunta si en J.36 responde opción 2 o 3);Escala;Entrada;12;Derecha;F7
;J.45;192;J.45 : Impuesto predial (Se pregunta por el valor anual) (Pregunta si en J.36 responde opción 2 o 3);Escala;Entrada;12;Derecha;F8
;J.46;193;J.46 : Seguros de la vivienda (Pregunta si en J.36 responde opción 2 o 3);Escala;Entrada;12;Derecha;F8
;J.47;194;J.47 : Pago de intereses por préstamos hipotecarios u otros préstamos destinado a la adquisición de la vivienda (Pregunta si en J.36 responde opción 2 o 3);Escala;Entrada;12;Derecha;F8
;J.48;195;J.48 : Gastos de administración y cuotas extras (Pregunta si en J.36 responde opción 2);Escala;Entrada;12;Derecha;F9
;J.49;196;J.49 : Reparaciones y mantenimiento regular de la vivienda (Se pregunta por el valor anual) (Pregunta si en J.36 responde opción 2 o 3);Escala;Entrada;12;Derecha;F9
;J.50;197;J.50 : Valor de servicios públicos (Pregunta si en J.36 responde opción 4 a 6);Escala;Entrada;12;Derecha;F7
;J.51;198;J.51 : Valor de administración (Pregunta si en J.36 responde opción 4 a 6);Escala;Entrada;12;Derecha;F7
;J.52;199;J.52 : Reparaciones y mantenimiento regular de la vivienda (Se pregunta por el valor anual) (Pregunta si en J.36 responde opción 4 a 6);Escala;Entrada;12;Derecha;F8
;K.1;200;K.1 : Pensiones escolares;Escala;Entrada;12;Derecha;F9
;K.2;201;K.2 : Transporte escolar;Escala;Entrada;12;Derecha;F7
;K.3;202;K.3 : Alimentos;Escala;Entrada;12;Derecha;F9
;K.4;203;K.4 : Bebidas y tabaco;Escala;Entrada;12;Derecha;F7
;K.5;204;K.5 : Combustibles para los vehículos;Escala;Entrada;12;Derecha;F8
;K.6;205;K.6 : Servicios Médicos;Escala;Entrada;12;Derecha;F8
;K.7;206;K.7 : Medicamentos;Escala;Entrada;12;Derecha;F7
;K.8;207;K.8 : Transporte y comunicaciones;Escala;Entrada;12;Derecha;F8
;K.9;208;K.9 : Esparcimiento y diversiones;Escala;Entrada;12;Derecha;F7
;K.10;209;K.10 : Intereses, otros gastos financieros y pago de gastos hipotecarios;Escala;Entrada;12;Derecha;F9
;K.11;210;K.11 : EGRESOS ¿A cuánto asciende el TOTAL de gastos MENSUALES de este hogar? (Calculo automático software) (Suma de K.1 a K.10);Escala;Entrada;12;Derecha;F9
;K.12;211;K.12 : Matrículas escolares;Escala;Entrada;12;Derecha;F8
;K.13;212;K.13 : Uniformes escolares;Escala;Entrada;12;Derecha;F7
;K.14;213;K.14 : Útiles escolares, compra, alquiler de textos;Escala;Entrada;12;Derecha;F8
;K.15;214;K.15 : Prendas de vestir y calzado;Escala;Entrada;12;Derecha;F9
;K.16;215;K.16 : Muebles y enseres;Escala;Entrada;12;Derecha;F8
;K.17;216;K.17 : Vacaciones familiares;Escala;Entrada;12;Derecha;F8
;K.18;217;K.18 : Impuesto Vehicular;Escala;Entrada;12;Derecha;F8
;K.19;218;K.19 : Otros gastos, pagos de préstamos hipotecarios y otros préstamos;Escala;Entrada;12;Derecha;F9
;L.1;219;L.1 : ¿Cómo considera usted la situación económica de su hogar comparada con la de hace 12 meses?;Escala;Entrada;12;Derecha;F3
;L.2;220;L.2 : En el hogar por falta de ingresos tienen dificultades para llegar a fin de mes (Utilice una escala 0 a 10, con 0 como muy difícil y 10 sin dificultad);Nominal;Entrada;12;Derecha;F2
;L.3;221;L.3 : En el hogar con sus ingresos puede permitirse disponer de un Automóvil;Nominal;Entrada;12;Derecha;F1
;L.4;222;L.4 : En el hogar con sus ingresos puede permitirse disponer de un Televisor a color;Nominal;Entrada;12;Derecha;F1
;L.5;223;L.5 : En el hogar con sus ingresos puede permitirse disponer de una Lavadora;Nominal;Entrada;12;Derecha;F1
;L.6;224;L.6 : En el hogar con sus ingresos puede permitirse disponer de un Computador;Nominal;Entrada;12;Derecha;F1
;L.7;225;L.7 : ¿El hogar posee bienes inmuebles? (Diferentes a la vivienda en la que vive) Casas;Nominal;Entrada;12;Derecha;F1
;L.8;226;L.8 : ¿El hogar posee bienes inmuebles? (Diferentes a la vivienda en la que vive) Apartamentos;Nominal;Entrada;12;Derecha;F1
;L.9;227;L.9 : ¿El hogar posee bienes inmuebles? (Diferentes a la vivienda en la que vive) Fincas;Nominal;Entrada;12;Derecha;F1
;L.10;228;L.10 : ¿El hogar posee bienes inmuebles? (Diferentes a la vivienda en la que vive) Locales;Nominal;Entrada;12;Derecha;F1
;L.11;229;L.11 : ¿El hogar posee bienes inmuebles? (Diferentes a la vivienda en la que vive) Lotes;Nominal;Entrada;12;Derecha;F1
;L.12;230;L.12 : En el hogar en los últimos 12 meses ha tenido retrasos por falta de ingresos en el pago de los recibos del agua, gas, electricidad, etc.;Nominal;Entrada;12;Derecha;F1
;L.13;231;L.13 : En los 12 últimos meses el hogar ha tenido retrasos en los pagos por falta de dinero en Hipotecas o alquileres    ;Nominal;Entrada;12;Derecha;F1
;L.14;232;L.14 : En los 12 últimos meses el hogar ha tenido retrasos en los pagos por falta de dinero en Compras a plazos    ;Nominal;Entrada;12;Derecha;F1
;L.15;233;L.15 : En los 12 últimos meses el hogar ha tenido retrasos en los pagos por falta de dinero en Otros préstamos relacionados con la adquisición de la vivienda;Nominal;Entrada;12;Derecha;F1
;L.16;234;L.16 : ¿Cree que su hogar tiene capacidad para hacer frente a un gasto imprevisto con sus propios recursos? (sin solicitar préstamos);Nominal;Entrada;12;Derecha;F1
;L.17;235;L.17 : ¿cuál sería esa capacidad?;Escala;Entrada;12;Derecha;F3
;L.18;236;L.18 : ¿Puede permitirse ir de vacaciones al menos una vez al año?;Nominal;Entrada;12;Derecha;F1
;L.19;237;L.19 : ¿Cómo calificaría Usted, la facilidad de acceso al servicio de salud, en una escala desde 1 hasta 5;Nominal;Entrada;12;Derecha;F1
;L.20;238;L.20 : ¿Cómo calificaría Usted, la calidad de los servicios de salud? en una escala desde 1 hasta 5;Nominal;Entrada;12;Derecha;F1
;M.1;239;M.1 : ¿Usted cree que los hombres son mejores líderes políticos que las mujeres?;Escala;Entrada;12;Derecha;F3
;M.2;240;M.2 : ¿Cree Usted que obtener un Título Universitario es más importante para el hombre que para la mujer?;Escala;Entrada;12;Derecha;F3
;M.3;241;M.3 : ¿Cree Usted que en los últimos años se ha logrado mayor igualdad de oportunidades entre hombres y mujeres?;Escala;Entrada;12;Derecha;F3
;M.4;242;M.4 : ¿Usted considera que existe discriminación contra la mujer?;Escala;Entrada;12;Derecha;F3
;M.5;243;M.5 : ¿Usted considera que vivimos en una sociedad machista?;Escala;Entrada;12;Derecha;F3
;N.1;244;N.1 : ¿Cómo calificaría Usted, su nivel de satisfacción con su Distrito (Municipio)?;Nominal;Entrada;12;Derecha;F1
;N.2;245;N.2 : Usted considera que el Señor alcalde es el que crea las leyes del Distrito (Municipio);Escala;Entrada;12;Derecha;F3
;N.3;246;N.3 : ¿Usted considera que los juzgados son los encargados de elaborar las leyes?;Escala;Entrada;12;Derecha;F3
;N.4;247;N.4 : ¿Usted considera que el Concejo Municipal, es el encargado de elegir Personero y Contralor municipales y de posesionarlos?;Escala;Entrada;12;Derecha;F3
;N.5;248;N.5 : ¿Cómo calificaría, su grado de confianza en las instituciones del gobierno?;Nominal;Entrada;12;Derecha;F1
;N.6;249;N.6 : Usted voto en alguna de las ultimas elecciones (Presidente, Senado, Cámara, Gobernador y Alcalde)?;Escala;Entrada;12;Derecha;F3
;N.7;250;N.7 : ¿Cuánto confía personalmente en el sistema político? (utilice una escala de 0 a 10, en la que 0 significa que no confía y 10 que confía plenamente);Nominal;Entrada;12;Derecha;F2
;N.8;251;N.8 : ¿Cuánto confía personalmente en el sistema judicial? (utilice una escala de 0 a 10, en la que 0 significa que no confía y 10 que confía plenamente);Nominal;Entrada;12;Derecha;F2
;N.9;252;N.9 : ¿Cuánto confía personalmente en la policía? (utilice una escala de 0 a 10, en la que 0 significa que no confía y 10 que confía plenamente);Nominal;Entrada;12;Derecha;F2
;N.10;253;N.10 : Como califica Usted, la posibilidad de moverse libremente en la zona donde vive. (Utilice la escala del 0 al 10, 0 en general no tiene libertad para trasladarse dentro del barrio o la zona donde vive y 10 no tiene restricciones);Nominal;Entrada;12;Derecha;F2
;N.11;254;N.11 : Como califica Usted, la libertad de expresar pensamientos, opiniones políticas y comportamientos (como la homosexualidad) (en una escala 0 al 10, 0 no tiene libertad de expresión y 10 que considera que tiene plena libertad de expresión);Nominal;Entrada;12;Derecha;F2
;O.1;255;O.1 : En los últimos 30 días, ¿Usted se preocupó alguna vez de que en su hogar se acabaran los alimentos debido a falta de dinero?;Nominal;Entrada;12;Derecha;F1
;O.2;256;O.2 : En los últimos 30  días, ¿alguna vez en su hogar se quedaron sin dinero para obtener una alimentación nutritiva: es decir que contenga carne, leche o productos lácteos, fruta, huevo, verduras, cereales, leguminosas, tubérculos y plátanos?;Nominal;Entrada;12;Derecha;F1
;O.3;257;O.3 : En los últimos 30 días, ¿alguna vez usted o algún adulto de su hogar no pudo variar la alimentación por falta de dinero?;Nominal;Entrada;12;Derecha;F1
;O.4;258;O.4 : En los últimos 30 días, ¿alguna vez usted o algún adulto de su hogar comió menos de lo que esta acostumbrado por falta de dinero?;Nominal;Entrada;12;Derecha;F1
;O.5;259;O.5 : En los últimos 30 días, ¿alguna vez en su hogar se quedaron sin alimentos por falta de dinero?;Nominal;Entrada;12;Derecha;F1
;O.6;260;O.6 : En su hogar, no han podido permitirse una comida de carne, pollo o pescado al menos cada dos días, por falta de ingresos?;Nominal;Entrada;12;Derecha;F1
;O.7;261;O.7 : En los últimos 30 días, ¿Alguna vez usted o algún adulto de su hogar dejo de desayunar, almorzar o comer por falta de dinero?;Nominal;Entrada;12;Derecha;F1
;O.8;262;O.8 : En los últimos 30 días, ¿alguna vez usted o algún adulto de su hogar sintió o se quejó de hambre y no comió por falta de dinero?;Nominal;Entrada;12;Derecha;F1
;O.9;263;O.9 : En los últimos 30 días, ¿Alguna vez usted o algún adulto de su hogar solo comió una sola vez al día o dejó de comer en todo un día por falta de dinero?;Nominal;Entrada;12;Derecha;F1
;O.10;264;O.10 : En los últimos 30 días, ¿ Alguna vez, algún adulto de su hogar se acostó con hambre porque no alcanzó el dinero para los alimentos?;Nominal;Entrada;12;Derecha;F1
;O.11;265;O.11 : En los últimos 30 días, ¿Alguna vez algún menor de edad de su hogar dejó de desayunar, almorzar o comer por falta de dinero?;Escala;Entrada;12;Derecha;F3
;O.12;266;O.12 : En los últimos 30 días, ¿alguna vez por falta de dinero, algún niño o joven de su hogar dejó de tener una alimentación nutritiva, contenga carne, leche o productos lácteos, fruta, huevo, verdura, cereal, leguminosa, tubérculo y plátano?;Escala;Entrada;12;Derecha;F3
;O.13;267;O.13 : En los últimos 30 días, ¿ Alguna vez usted tuvo que disminuir la cantidad servida en las comidas de algún niño o joven de su hogar por falta de dinero?;Escala;Entrada;12;Derecha;F3
;O.14;268;O.14 : En los últimos 30 días, ¿Alguna vez, algún niño o joven de su hogar se quejó de hambre pero no se pudo comprar más alimentos por falta de dinero?;Escala;Entrada;12;Derecha;F3
;O.15;269;O.15 : En los últimos 30 días, ¿ alguna vez algún niño o joven de su hogar se acostó con hambre porque no alcanzó el dinero para alimentos?;Escala;Entrada;12;Derecha;F3
;O.16;270;O.16 : En los últimos 30 días, ¿alguna vez, algún niño o joven de su hogar sólo comió una vez al  día o dejó de comer todo un día por falta de dinero?;Escala;Entrada;12;Derecha;F3
;P.1;271;P.1 : Califique Usted en una escala desde 1 hasta 5, la situación en su barrio o vereda, sobre: El estado de la contaminación del aire, humo, malos olores, aguas residuales, contaminación por químicos, etc., en la zona.?;Nominal;Entrada;12;Derecha;F1
;P.2;272;P.2 : Califique Usted en una escala desde 1 hasta 5, la situación en su barrio o vereda, sobre: El estado de la contaminación de los ríos y las quebradas;Nominal;Entrada;12;Derecha;F1
;P.3;273;P.3 : Califique Usted en una escala desde 1 hasta 5, la situación en su barrio o vereda, sobre: El nivel del ruido producidos por los vecinos o procedentes del exterior (tráfico, negocios, fábricas colindantes, etc.)?;Nominal;Entrada;12;Derecha;F1
;P.4;274;P.4 : Califique Usted en una escala desde 1 hasta 5, la situación en su barrio o vereda, sobre: Las basuras, suciedad y escombros en las calles en la zona?;Nominal;Entrada;12;Derecha;F1
;P.5;275;P.5 : Califique Usted en una escala desde 1 hasta 5, la situación en su barrio o vereda, sobre: La contaminación visual;Nominal;Entrada;12;Derecha;F1
;P.6;276;P.6 : Califique Usted en una escala desde 1 hasta 5, la situación en su barrio o vereda, sobre: Arborización;Nominal;Entrada;12;Derecha;F1
;P.7;277;P.7 : Califique Usted en una escala desde 1 hasta 5, la situación en su barrio o vereda, sobre: La pavimentación y señalización de las vías;Nominal;Entrada;12;Derecha;F1
;P.8;278;P.8 : Califique Usted en una escala desde 1 hasta 5, la situación en su barrio o vereda, sobre: El estado de los Andenes y de los separadores de calles;Nominal;Entrada;12;Derecha;F1
;P.9;279;P.9 : Califique Usted en una escala desde 1 hasta 5, la situación en su barrio o vereda, sobre: El cumplimiento de las normas de tránsito o vías;Nominal;Entrada;12;Derecha;F1
;P.10;280;P.10 : Considera que la zona donde vive cuenta con ciclovías en buen estado?;Nominal;Entrada;12;Derecha;F1
;P.11;281;P.11 : En el hogar consideran que en la zona donde viven existen riegos de:  Inundaciones, deslizamientos, movimientos en masa, incendios, etc.;Nominal;Entrada;12;Derecha;F1
;P.12;282;P.12 : Califique su satisfacción con el entorno en que vive (utilice una escala de 0 a 10.  0 nada satisfecho y  10 plenamente satisfecho);Nominal;Entrada;12;Derecha;F2
;P.13;283;P.13 : ¿Cuál es su grado de satisfacción global con las áreas recreativas o verdes de la zona en la que vive? (utilice una escala de 0 a 10, en la que 0 significa nada satisfecho y 10 plenamente satisfecho);Nominal;Entrada;12;Derecha;F2
;Q.1;284;Q.1 : ¿Califique el Estado de las vías de la zona donde vive?  (Escala de 0 a 10, donde 0 es muy malo y 10 es excelente);Nominal;Entrada;12;Derecha;F2
;Q.2;285;Q.2 : Califique Usted, la cobertura en el transporte público en la zona donde viven (Escala de 0 a 10, donde 0 es muy poca y 10 es excelente);Nominal;Entrada;12;Derecha;F2
;Q.3;286;Q.3 : Califique Usted, la calidad en el transporte público en la zona donde viven (Escala de 0 a 10, donde 0 es muy poca y 10 es excelente);Nominal;Entrada;12;Derecha;F2
;R.1;287;R.1 : Califique Usted, la calidad de vida de los miembros de su hogar;Nominal;Entrada;12;Derecha;F1
;R.2;288;R.2 : ¿En qué medida piensa que lo que hace en su vida merece la pena? (Escala de 0 a 10, donde 0 es no merece la pena y 10 es merece la pena totalmente);Nominal;Entrada;12;Derecha;F2
;R.3;289;R.3 : ¿Cuál es su grado de satisfacción global con su vida en la actualidad? (Escala de 0 a 10, donde 0 es nada satisfecho y 10 es plenamente satisfecho);Nominal;Entrada;12;Derecha;F2
;R.4;290;R.4 : ¿Durante las cuatro últimas semanas, ¿con qué frecuencia se sintió feliz?;Nominal;Entrada;12;Derecha;F1
;S.1;291;S.1 : En los últimos 12 meses, usted o algún miembro de su hogar ha percibido (entre otros problemas) delincuencia o vandalismo en la zona (por parte de  delincuencia común)?;Nominal;Entrada;12;Derecha;F1
;S.2;292;S.2 : En los últimos 12 meses, usted o algún miembro de su hogar ha sido víctima de grupos ideológicos comprometidos en el conflicto armado?;Nominal;Entrada;12;Derecha;F1
;S.3;293;S.3 : En los últimos 12 meses, usted o algún miembro de su hogar ha  sufrido violencia por parte de grupos delincuenciales organizados (no políticos) ?;Nominal;Entrada;12;Derecha;F1
;S.4;294;S.4 : En los últimos 12 meses, usted o algún miembro de su hogar ha visto que en el barrio o zona donde vive las personas son discriminadas por raza, género, nacionalidad o religión?;Nominal;Entrada;12;Derecha;F1
;S.5;295;S.5 : En los últimos 12 meses, usted se siente seguro caminando a solas de noche en la zona en la que vive?;Nominal;Entrada;12;Derecha;F1
;T.1;296;T.1 : ¿Cómo es su salud en general?;Nominal;Entrada;12;Derecha;F1
;T.2;297;T.2 : ¿Durante los últimos 12 meses ¿alguna vez realmente ha recibido asistencia médica para usted mismo?;Nominal;Entrada;12;Derecha;F1
;T.3;298;T.3 : ¿Ha recibido dicha asistencia médica cada vez que realmente la ha necesitado?;Escala;Entrada;12;Derecha;F3
;T.4;299;T.4 : ¿Cómo calificaría la calidad de los servicios de salud. Utilice una escala de 0 a 10, en la que 0 significa muy mala  y 10 muy buena)?;Escala;Entrada;12;Derecha;F3
;T.5;300;T.5 : Considera que tiene suficiente información acerca de los métodos de planificación familiar?;Escala;Entrada;12;Derecha;F3
;T.6;301;T.6 : ¿Usted planifica?;Escala;Entrada;12;Derecha;F3
;T.7;302;T.7 : ¿El método de planificación fue concertado?;Escala;Entrada;12;Derecha;F3
;U.1;303;U.1 : ¿Puede pedir ayuda no material (como por ejemplo, tener alguien con quien hablar de temas personales o de ayuda para hacer algo), si la necesitase, a familiares, amigos, vecinos o conocidos, que no sean miembros de su hogar?;Escala;Entrada;12;Derecha;F3
;U.2;304;U.2 : ¿Puede pedir ayuda material (dinero, un préstamo o alguna cosa concreta),  si la necesitase, a familiares, amigos, vecinos o conocidos, que no sean miembros de su hogar?;Escala;Entrada;12;Derecha;F3
;U.3;305;U.3 : ¿Diría usted, que puede confiar en la mayor parte de las personas? (Utilice una escala de 0 a 10, donde 0 es no confía en nadie y 10 puede confiar en la mayor parte de las personas);Nominal;Entrada;12;Derecha;F2
;U.4;306;U.4 : ¿Cuál es el grado de satisfacción global con LA SITUACIÓN ECONÓMICA DE SU HOGAR? -  (Utilice una escala de 0 a 10, en la que 0 significa nada satisfecho y 10 plenamente satisfecho);Nominal;Entrada;12;Derecha;F2
;U.5;307;U.5 : ¿Cuál es el grado de satisfacción global con SUS RELACIONES PERSONALES CON FAMILIARES,  AMIGOS, VECINOS Y CONOCIDOS? (Utilice una escala de 0 a 10, en la que 0 significa nada satisfecho y 10 plenamente satisfecho);Nominal;Entrada;12;Derecha;F2
;U.6;308;U.6 : ¿Cuál es el grado de satisfacción global con EL TIEMPO QUE DISPONE PARA HACER LO QUE LE GUSTA? (Utilice una escala de 0 a 10, en la que 0 significa nada satisfecho y 10 plenamente satisfecho);Nominal;Entrada;12;Derecha;F2
;U.7;309;U.7 : ¿Con qué frecuencia realizan reuniones con amigos?;Nominal;Entrada;12;Derecha;F1
;V.1;310;V.1 : ¿Si usted se encontrara en problemas, tiene familiares o amigos en los que puede contar para que lo ayuden cuando sea que lo necesite?;Escala;Entrada;12;Derecha;F3
;V.2;311;V.2 : ¿Está usted satisfecho con su libertad para elegir qué hacer con su vida?;Escala;Entrada;12;Derecha;F3
;V.3;312;V.3 : ¿Usted ha donado dinero a programas de caridad en el mes pasado?;Escala;Entrada;12;Derecha;F3
;V.4;313;V.4 : ¿Cree usted que la corrupción está extendida en todo el gobierno?;Escala;Entrada;12;Derecha;F3
;V.5;314;V.5 : ¿Cree usted que la corrupción está extendida en el sector empresarial?;Escala;Entrada;12;Derecha;F3
;W.1;315;W.1 : En este hogar, ¿El ver o tocar los genitales de un menor de edad se reconoce como violencia sexual infantil?;Escala;Entrada;12;Derecha;F3
;W.2;316;W.2 : En este hogar, ¿Tener relaciones sexuales con menores de 14 años se reconocen como violencia sexual infantil?;Escala;Entrada;12;Derecha;F3
;W.3;317;W.3 : En este hogar, El ofrecer dinero a un menor de edad por mostrar o tocar su cuerpo, ¿se reconoce como violencia sexual infantil?;Escala;Entrada;12;Derecha;F3
;W.4;318;W.4 : En este hogar, Mostrar pornografía a un niño, ¿se reconoce como violencia sexual infantil?;Escala;Entrada;12;Derecha;F3
;W.5;319;W.5 : En este hogar, Pedir a un menor fotos con  poca ropa o desnudo, ¿se reconoce como violencia sexual infantil?;Escala;Entrada;12;Derecha;F3
;W.6;320;W.6 : En este hogar, ¿Todas las situaciones anteriores se reconocen como violencia sexual infantil?;Escala;Entrada;12;Derecha;F3
;W.7;321;W.7 : En este hogar, cuando se presenta un conflicto, generalmente la reacción es: ¿Levantan la voz y se gritan?;Escala;Entrada;12;Derecha;F3
;W.8;322;W.8 : En este hogar, cuando se presenta un conflicto, generalmente la reacción es: ¿Utilizan golpes?;Escala;Entrada;12;Derecha;F3
;W.9;323;W.9 : En este hogar, cuando se presenta un conflicto, generalmente la reacción es: ¿Dejan de hablarse, usan la ley del hielo?;Escala;Entrada;12;Derecha;F3
;W.10;324;W.10 : En este hogar, cuando se presenta un conflicto, generalmente la reacción es: ¿Se calman antes de hablar para no herirse?;Escala;Entrada;12;Derecha;F3
;W.11;325;W.11 : En este hogar, cuando se presenta un conflicto, generalmente la reacción es: ¿Dialogan para encontrar una solución?;Escala;Entrada;12;Derecha;F3
;W.12;326;W.12 : En este hogar, cuando se presenta un conflicto, generalmente la reacción es: ¿Se enfocan en mejorar cada uno su comportamiento?;Escala;Entrada;12;Derecha;F3
;FEV;327;Factor de Expansión Viviendas;Escala;Entrada;8;Derecha;F8.6
;FEH;328;Factor de Expansión Hogares;Escala;Entrada;8;Derecha;F8.6
;FEP;329;Factor de Expansión Personas;Escala;Entrada;8;Derecha;F8.6
;;;;;;;;
;Variables en el archivo de trabajo;;;;;;;
